{
  "name": "I2C_EEPROM",
  "keywords": "EEPROM, 24LC256, 24LC64",
  "description": "Library for I2C EEPROMS.\n24LC512, 24LC256, 24LC128, 24LC64, 24LC32, 24LC16, 24LC08, 24LC04, 24LC02, 24LC01 and equivalents.",
  "authors":
  [
    {
      "name": "Rob Tillaart",
      "email": "Rob.Tillaart@gmail.com",
      "maintainer": true
    }
  ],
  "repository":
  {
    "type": "git",
    "url": "https://github.com/RobTillaart/I2C_EEPROM.git"
  },
  "version": "1.6.1",
  "license": "MIT",
  "frameworks": "arduino",
  "platforms": "*",
  "headers": "I2C_eeprom.h"
}
